"CHROM","qtl","start","end","length","nSNPs","avgSNPs_Mb","peakDeltaSNP","posPeakDeltaSNP","avgDeltaSNP","maxGprime","posMaxGprime","meanGprime","sdGprime","AUCaT","meanPval","meanQval"
"Chr01",1,30248653,35112602,4863949,4,1,-0.067284275913804,30248653,-0.0581713968433047,6.54356459220867,35112602,6.27198342170613,0.241431524014741,1253847.63726579,0.0001492031146684,0.0181824612142518
"Chr03",2,8488858,20154985,11666127,7,1,0.167075442673203,8488858,0.048683419105645,19.0811792387609,12818314,11.1982992167465,4.21663419985659,80414883.6569899,1.74267445004642e-05,0.00223300061868767
"Chr03",3,28203847,31425741,3221894,3,1,0.183746462204091,30747950,0.176310514999174,8.29398867324476,30747950,7.57347561402557,1.20219978334925,4883061.63346072,5.03836611020307e-05,0.00629092041769372
"Chr04",4,4742185,46793997,42051812,24,1,0.947285949210616,37798084,0.499410875462655,267.379533627091,34820642,140.714844632412,91.7420025585294,4960897381.01791,5.76517118766606e-09,8.50647428471335e-07
"Chr04",5,63682111,67393445,3711334,2,1,0.143385733589435,67393445,0.0265551424971139,10.8630995052187,67393445,8.65437268144738,3.12361142975465,10072467.8750775,2.77740227885848e-05,0.00386376336588223
"Chr06",6,49116964,52057830,2940866,4,1,-0.0269955901816166,52057830,-0.0183725845894148,6.14116283608932,51198211,6.02402647188667,0.0848775248816333,318380.254858711,0.000288429768576293,0.0333944394269118
