"CHROM","qtl","start","end","length","nSNPs","avgSNPs_Mb","peakDeltaSNP","posPeakDeltaSNP","avgDeltaSNP","maxGprime","posMaxGprime","meanGprime","sdGprime","AUCaT","meanPval","meanQval"
"1",1,29094283,40077801,10983518,8,1,-0.0682038159210802,40077801,-0.0185880922156491,6.59440907447377,35112602,5.7108972499495,0.604867269869922,11223059.3647133,1.14080092278313e-06,8.39215451372723e-05
"3",2,8488858,20154985,11666127,7,1,0.177488030353746,8488858,0.0564080580278189,18.9011324563775,12818314,11.3481847110663,4.05514012791012,93846901.1450486,6.8199414369831e-16,9.28459249518172e-14
"3",3,27582409,31425741,3843332,4,1,0.183770061764628,30747950,0.170661705991965,8.29528568319884,30747950,6.97084088578973,1.55782732458869,8735621.19961517,3.26241775844283e-07,2.75674638175308e-05
"3",4,40809806,42502488,1692682,6,4,0.00970081184411755,42502488,0.00330285541971154,5.4078895105733,40809806,5.25971842368748,0.14516089599125,598988.206323077,1.02373518978682e-06,8.27353942176119e-05
"4",5,4742185,46793997,42051812,26,1,0.950884673282037,36047737,0.492231903405118,271.96016962021,34820642,139.582977395777,85.0634527224897,5206069489.54354,0,0
"4",6,62931501,67393445,4461944,3,1,-0.101041270290431,67393445,-0.0152818767227176,10.8573740669382,67393445,7.56368394380383,2.89040388598678,14575310.5616203,1.45828461158478e-08,1.45858573837922e-06
"6",7,49116964,52057830,2940866,4,1,-0.0297954378111475,52057830,-0.0209479354485558,6.21255606218785,51198211,6.09106304172963,0.0852396006193838,3590179.82779619,2.28073671060258e-11,2.53313246603887e-09
"7",8,28954705,32444003,3489298,13,4,-0.0910412551760258,32444003,-0.0749438154880518,5.10197687420147,29594851,4.99698629511262,0.0623204654934038,377051.424589152,8.03153415933451e-06,0.000560126144736684
"7",9,50155362,52962040,2806678,3,1,-0.0288179701428514,50155362,-0.0212159020052204,5.74722735809089,51474808,5.42920835840782,0.380851168545584,1732762.30353644,2.03130459068094e-06,0.000155329060939897
"9",10,3871629,3871629,0,1,Inf,0.0906605253070975,3871629,0.0906605253070975,5.38169540309569,3871629,5.38169540309569,NA,0,9.64423271243575e-08,9.26791853404855e-06
